,mean_fit_time,std_fit_time,mean_score_time,std_score_time,param_final_estimator__gamma,param_final_estimator__learning_rate,param_final_estimator__max_depth,param_gb__max_depth,param_gb__max_features,param_rf__max_features,params,split0_test_score,split1_test_score,mean_test_score,std_test_score,rank_test_score,split0_train_score,split1_train_score,mean_train_score,std_train_score
47,1105.440197110176,30.721694827079773,1.76506769657135,0.0840681791305542,1,0.1,3,5,8,5,"{'final_estimator__gamma': 1, 'final_estimator__learning_rate': 0.1, 'final_estimator__max_depth': 3, 'gb__max_depth': 5, 'gb__max_features': 8, 'rf__max_features': 5}",0.8204440387520161,0.8234898677079173,0.8219669532299667,0.0015229144779506099,1,0.9485837727827932,0.9424439369659319,0.9455138548743625,0.0030699179084306416
107,1224.630375623703,80.82835626602173,1.2265454530715942,0.13282835483551025,5,0.01,8,5,8,5,"{'final_estimator__gamma': 5, 'final_estimator__learning_rate': 0.01, 'final_estimator__max_depth': 8, 'gb__max_depth': 5, 'gb__max_features': 8, 'rf__max_features': 5}",0.8219200473632062,0.8217525878878252,0.8218363176255157,8.372973769049663e-05,2,0.9506824152569369,0.9608289197997938,0.9557556675283654,0.005073252271428463
45,1225.5908091068268,143.44732189178467,1.891173005104065,0.0218278169631958,1,0.1,3,5,5,5,"{'final_estimator__gamma': 1, 'final_estimator__learning_rate': 0.1, 'final_estimator__max_depth': 3, 'gb__max_depth': 5, 'gb__max_features': 5, 'rf__max_features': 5}",0.8209291935393627,0.8225647996338323,0.8217469965865976,0.0008178030472348329,3,0.9636202683134817,0.9491662743184253,0.9563932713159535,0.007226996997528212
21,1215.6357246637344,0.25274908542633057,1.1060487031936646,0.024392008781433105,1,0.01,5,5,5,5,"{'final_estimator__gamma': 1, 'final_estimator__learning_rate': 0.01, 'final_estimator__max_depth': 5, 'gb__max_depth': 5, 'gb__max_features': 5, 'rf__max_features': 5}",0.8219624253539618,0.8214734761049908,0.8217179507294763,0.0002444746244855134,4,0.951677093793374,0.9341256208548988,0.9429013573241364,0.008775736469237572
95,1212.742473244667,39.915303111076355,0.9497874975204468,0.0033305883407592773,5,0.01,5,5,8,5,"{'final_estimator__gamma': 5, 'final_estimator__learning_rate': 0.01, 'final_estimator__max_depth': 5, 'gb__max_depth': 5, 'gb__max_features': 8, 'rf__max_features': 5}",0.8211654963804981,0.821935450737536,0.8215504735590171,0.00038497717851898594,5,0.9561545618918719,0.9627572269699564,0.9594558944309142,0.0033013325390422454
37,1128.7413890361786,46.32685160636902,1.3962390422821045,0.266585111618042,1,0.1,3,2,2,5,"{'final_estimator__gamma': 1, 'final_estimator__learning_rate': 0.1, 'final_estimator__max_depth': 3, 'gb__max_depth': 2, 'gb__max_features': 2, 'rf__max_features': 5}",0.8207801496893825,0.822104358169296,0.8214422539293392,0.0006621042399567179,6,0.9501646136490168,0.9275799740249415,0.9388722938369791,0.011292319812037654
57,919.232436299324,3.445044159889221,1.459479808807373,0.5616259574890137,1,0.1,5,5,5,5,"{'final_estimator__gamma': 1, 'final_estimator__learning_rate': 0.1, 'final_estimator__max_depth': 5, 'gb__max_depth': 5, 'gb__max_features': 5, 'rf__max_features': 5}",0.8221747850261921,0.8206645417296249,0.8214196633779085,0.0007551216482836187,7,0.9543386460605551,0.9296418746200905,0.9419902603403227,0.01234838572023228
87,1207.0007688999176,117.28633761405945,1.8652751445770264,0.42512965202331543,5,0.01,5,2,5,5,"{'final_estimator__gamma': 5, 'final_estimator__learning_rate': 0.01, 'final_estimator__max_depth': 5, 'gb__max_depth': 2, 'gb__max_features': 5, 'rf__max_features': 5}",0.8213443371183111,0.8211494133561257,0.8212468752372184,9.74618810927197e-05,8,0.9524736795069728,0.9262038728118195,0.9393387761593961,0.013134903347576665
11,1301.3612483739853,36.96107494831085,2.531997561454773,0.8219994306564331,1,0.01,3,5,8,5,"{'final_estimator__gamma': 1, 'final_estimator__learning_rate': 0.01, 'final_estimator__max_depth': 3, 'gb__max_depth': 5, 'gb__max_features': 8, 'rf__max_features': 5}",0.8204465766020038,0.8220183880470784,0.8212324823245412,0.0007859057225372834,9,0.9456956259948295,0.9565476933641887,0.9511216596795091,0.005426033684679588
79,1193.3813138008118,2.673755168914795,1.5937514305114746,0.2968788146972656,5,0.01,3,5,2,5,"{'final_estimator__gamma': 5, 'final_estimator__learning_rate': 0.01, 'final_estimator__max_depth': 3, 'gb__max_depth': 5, 'gb__max_features': 2, 'rf__max_features': 5}",0.8213572336570407,0.821062485183629,0.8212098594203349,0.00014737423670585503,10,0.9585862161377616,0.9554731848615869,0.9570297004996743,0.0015565156380873413
9,1264.2641733884811,0.17899787425994873,1.9155007600784302,0.2684997320175171,1,0.01,3,5,5,5,"{'final_estimator__gamma': 1, 'final_estimator__learning_rate': 0.01, 'final_estimator__max_depth': 3, 'gb__max_depth': 5, 'gb__max_features': 5, 'rf__max_features': 5}",0.8211448295879734,0.8211068662998591,0.8211258479439163,1.8981644057169955e-05,11,0.9581775730093501,0.9610725234316135,0.9596250482204818,0.001447475211131699
7,1154.3621661663055,145.26211261749268,0.945500373840332,0.02249884605407715,1,0.01,3,5,2,5,"{'final_estimator__gamma': 1, 'final_estimator__learning_rate': 0.01, 'final_estimator__max_depth': 3, 'gb__max_depth': 5, 'gb__max_features': 2, 'rf__max_features': 5}",0.8216659157547711,0.82058511197785,0.8211255138663105,0.000540401888460551,12,0.9455217485330649,0.9570192711120313,0.9512705098225481,0.005748761289483206
75,972.4559242725372,38.943843364715576,0.742186427116394,0.00781095027923584,5,0.01,3,2,5,5,"{'final_estimator__gamma': 5, 'final_estimator__learning_rate': 0.01, 'final_estimator__max_depth': 3, 'gb__max_depth': 2, 'gb__max_features': 5, 'rf__max_features': 5}",0.8224263720908199,0.8197414809667916,0.8210839265288057,0.0013424455620141829,13,0.9420420186884008,0.9221859640855552,0.932113991386978,0.009928027301422782
93,1156.665618300438,16.637441992759705,1.497524619102478,0.04943549633026123,5,0.01,5,5,5,5,"{'final_estimator__gamma': 5, 'final_estimator__learning_rate': 0.01, 'final_estimator__max_depth': 5, 'gb__max_depth': 5, 'gb__max_features': 5, 'rf__max_features': 5}",0.820988659268925,0.8210350555233628,0.8210118573961438,2.319812721890413e-05,14,0.962531449971497,0.9599498306611504,0.9612406403163236,0.0012908096551733084
23,1259.6198506355286,30.329213619232178,1.6817598342895508,0.04335427284240723,1,0.01,5,5,8,5,"{'final_estimator__gamma': 1, 'final_estimator__learning_rate': 0.01, 'final_estimator__max_depth': 5, 'gb__max_depth': 5, 'gb__max_features': 8, 'rf__max_features': 5}",0.8204275642676007,0.8214132247093557,0.8209203944884782,0.0004928302208775381,15,0.9409318678427426,0.9410685047659817,0.9410001863043622,6.831846161953203e-05
104,1236.2399023771286,143.9213820695877,1.0764888525009155,0.2516399621963501,5,0.01,8,5,5,2,"{'final_estimator__gamma': 5, 'final_estimator__learning_rate': 0.01, 'final_estimator__max_depth': 8, 'gb__max_depth': 5, 'gb__max_features': 5, 'rf__max_features': 2}",0.8229660174892575,0.8188412909090557,0.8209036541991566,0.0020623632901008992,16,0.9669249007840567,0.9373077411088256,0.9521163209464412,0.014808579837615521
59,1264.6663846969604,36.13822293281555,1.6439886093139648,0.3042759895324707,1,0.1,5,5,8,5,"{'final_estimator__gamma': 1, 'final_estimator__learning_rate': 0.1, 'final_estimator__max_depth': 5, 'gb__max_depth': 5, 'gb__max_features': 8, 'rf__max_features': 5}",0.8194485073276108,0.8221988475824494,0.8208236774550302,0.001375170127419334,17,0.9367127778221355,0.9266360404138225,0.9316744091179789,0.005038368704156471
83,1151.3814891576767,113.98848235607147,1.6338125467300415,0.8681901693344116,5,0.01,3,5,8,5,"{'final_estimator__gamma': 5, 'final_estimator__learning_rate': 0.01, 'final_estimator__max_depth': 3, 'gb__max_depth': 5, 'gb__max_features': 8, 'rf__max_features': 5}",0.8203689718114503,0.8212600339073823,0.8208145028594163,0.00044553104796601906,18,0.9613217246416361,0.9653726936865702,0.9633472091641031,0.002025484522467036
105,1015.8142892122269,69.62028706073761,1.3906208276748657,0.6562436819076538,5,0.01,8,5,5,5,"{'final_estimator__gamma': 5, 'final_estimator__learning_rate': 0.01, 'final_estimator__max_depth': 8, 'gb__max_depth': 5, 'gb__max_features': 5, 'rf__max_features': 5}",0.821063845607001,0.8205562907057734,0.8208100681563872,0.0002537774506137791,19,0.9671963735406739,0.9585705081089897,0.9628834408248318,0.004312932715842099
81,1128.5941650867462,86.9761745929718,1.39073646068573,0.03136169910430908,5,0.01,3,5,5,5,"{'final_estimator__gamma': 5, 'final_estimator__learning_rate': 0.01, 'final_estimator__max_depth': 3, 'gb__max_depth': 5, 'gb__max_features': 5, 'rf__max_features': 5}",0.8207357423209877,0.8208680103877439,0.8208018763543659,6.613403337812906e-05,20,0.961236632044658,0.9649346263728863,0.9630856292087722,0.00184899716411413
73,1156.5669481754303,1.539074182510376,0.9609280824661255,0.03905379772186279,5,0.01,3,2,2,5,"{'final_estimator__gamma': 5, 'final_estimator__learning_rate': 0.01, 'final_estimator__max_depth': 3, 'gb__max_depth': 2, 'gb__max_features': 2, 'rf__max_features': 5}",0.8200187373847461,0.8215407982752689,0.8207797678300075,0.0007610304452614347,21,0.9478622366186237,0.9427757888269168,0.9453190127227702,0.0025432238958534303
131,1091.7707489728928,46.78551161289215,1.326638102531433,0.014138579368591309,5,0.1,5,5,8,5,"{'final_estimator__gamma': 5, 'final_estimator__learning_rate': 0.1, 'final_estimator__max_depth': 5, 'gb__max_depth': 5, 'gb__max_features': 8, 'rf__max_features': 5}",0.8213547407601702,0.8201935150418265,0.8207741279009984,0.0005806128591718807,22,0.9343823192806223,0.9446044341004455,0.9394933766905339,0.005111057409911579
1,836.3559067249298,1.1294989585876465,1.0290011167526245,0.16000211238861084,1,0.01,3,2,2,5,"{'final_estimator__gamma': 1, 'final_estimator__learning_rate': 0.01, 'final_estimator__max_depth': 3, 'gb__max_depth': 2, 'gb__max_features': 2, 'rf__max_features': 5}",0.8204862159750976,0.8209705494341518,0.8207283827046248,0.0002421667295270935,23,0.9249073022130551,0.9403446212782832,0.9326259617456691,0.0077186595326140806
129,1186.1245950460434,22.452025055885315,1.7422051429748535,0.039063453674316406,5,0.1,5,5,5,5,"{'final_estimator__gamma': 5, 'final_estimator__learning_rate': 0.1, 'final_estimator__max_depth': 5, 'gb__max_depth': 5, 'gb__max_features': 5, 'rf__max_features': 5}",0.820802603235232,0.8206290997531562,0.8207158514941941,8.675174103789374e-05,24,0.9446634234599974,0.9460355462175372,0.9453494848387674,0.0006860613787698644
3,1248.4780662059784,2.3684980869293213,1.010500431060791,0.0005018711090087891,1,0.01,3,2,5,5,"{'final_estimator__gamma': 1, 'final_estimator__learning_rate': 0.01, 'final_estimator__max_depth': 3, 'gb__max_depth': 2, 'gb__max_features': 5, 'rf__max_features': 5}",0.8224354551560767,0.8189414941895965,0.8206884746728367,0.0017469804832401237,25,0.9375264618624424,0.9200779212475335,0.928802191554988,0.00872427030745443
39,1028.4030170440674,110.93365240097046,1.478750467300415,0.32921743392944336,1,0.1,3,2,5,5,"{'final_estimator__gamma': 1, 'final_estimator__learning_rate': 0.1, 'final_estimator__max_depth': 3, 'gb__max_depth': 2, 'gb__max_features': 5, 'rf__max_features': 5}",0.8216418421279945,0.819721106250886,0.8206814741894403,0.0009603679385542518,26,0.9429103753505984,0.9230889317343413,0.9329996535424698,0.009910721808128575
123,1043.4301182031631,24.309825539588928,1.9140901565551758,0.21094155311584473,5,0.1,5,2,5,5,"{'final_estimator__gamma': 5, 'final_estimator__learning_rate': 0.1, 'final_estimator__max_depth': 5, 'gb__max_depth': 2, 'gb__max_features': 5, 'rf__max_features': 5}",0.8206588130209412,0.8203446980672999,0.8205017555441205,0.00015705747682065452,27,0.9265388981706313,0.9071562096381366,0.9168475539043839,0.009691344266247348
51,1241.0189938545227,1.4840734004974365,1.7579984664916992,0.36199951171875,1,0.1,5,2,5,5,"{'final_estimator__gamma': 1, 'final_estimator__learning_rate': 0.1, 'final_estimator__max_depth': 5, 'gb__max_depth': 2, 'gb__max_features': 5, 'rf__max_features': 5}",0.8210635687880139,0.8198577655201975,0.8204606671541057,0.0006029016339081927,28,0.9293912636969716,0.9068343573881632,0.9181128105425673,0.011278453154404178
141,849.8177106380463,11.68049430847168,1.2031300067901611,0.12500286102294922,5,0.1,8,5,5,5,"{'final_estimator__gamma': 5, 'final_estimator__learning_rate': 0.1, 'final_estimator__max_depth': 8, 'gb__max_depth': 5, 'gb__max_features': 5, 'rf__max_features': 5}",0.8207872137201362,0.8200340443208279,0.820410629020482,0.00037658469965412555,29,0.960043302618988,0.9450130553965387,0.9525281790077633,0.007515123611224639
140,1129.8402349948883,64.87927889823914,1.3555655479431152,0.1524343490600586,5,0.1,8,5,5,2,"{'final_estimator__gamma': 5, 'final_estimator__learning_rate': 0.1, 'final_estimator__max_depth': 8, 'gb__max_depth': 5, 'gb__max_features': 5, 'rf__max_features': 2}",0.8232188951904161,0.817566188645486,0.8203925419179511,0.002826353272465054,30,0.9534721847479235,0.9236352552133983,0.9385537199806608,0.014918464767262607
49,1217.4230126142502,105.11636579036713,1.0212171077728271,0.02821826934814453,1,0.1,5,2,2,5,"{'final_estimator__gamma': 1, 'final_estimator__learning_rate': 0.1, 'final_estimator__max_depth': 5, 'gb__max_depth': 2, 'gb__max_features': 2, 'rf__max_features': 5}",0.8198603719323021,0.820855812033024,0.8203580919826631,0.0004977200503609724,31,0.9387149370758863,0.91507080604642,0.9268928715611531,0.011822065514733138
119,1103.8414044380188,0.35157084465026855,2.0546865463256836,0.10155653953552246,5,0.1,3,5,8,5,"{'final_estimator__gamma': 5, 'final_estimator__learning_rate': 0.1, 'final_estimator__max_depth': 3, 'gb__max_depth': 5, 'gb__max_features': 8, 'rf__max_features': 5}",0.8199650227483449,0.8206268539466508,0.8202959383474979,0.00033091559915293667,32,0.9388302483951214,0.9399627822614322,0.9393965153282768,0.0005662669331553682
127,1075.2945029735565,3.1826114654541016,1.1406294107437134,0.4062546491622925,5,0.1,5,5,2,5,"{'final_estimator__gamma': 5, 'final_estimator__learning_rate': 0.1, 'final_estimator__max_depth': 5, 'gb__max_depth': 5, 'gb__max_features': 2, 'rf__max_features': 5}",0.8204365316792956,0.8200839310237626,0.8202602313515291,0.00017630032776649873,33,0.9379804541567797,0.9415812931076472,0.9397808736322134,0.0018004194754337455
41,1092.148629307747,109.8555656671524,1.2276790142059326,0.45873451232910156,1,0.1,3,2,8,5,"{'final_estimator__gamma': 1, 'final_estimator__learning_rate': 0.1, 'final_estimator__max_depth': 3, 'gb__max_depth': 2, 'gb__max_features': 8, 'rf__max_features': 5}",0.8220366823796736,0.8183888208317059,0.8202127516056898,0.0018239307739838506,34,0.9229689544408987,0.9161527939087942,0.9195608741748464,0.003408080266052216
17,1210.5454878807068,35.9761118888855,1.319723129272461,0.1850452423095703,1,0.01,5,2,8,5,"{'final_estimator__gamma': 1, 'final_estimator__learning_rate': 0.01, 'final_estimator__max_depth': 5, 'gb__max_depth': 2, 'gb__max_features': 8, 'rf__max_features': 5}",0.8214700468967365,0.8189217635440353,0.820195905220386,0.001274141676350593,35,0.9111226621301257,0.9033361681385936,0.9072294151343596,0.003893246995766042
99,1106.9360064268112,21.407283902168274,0.666740894317627,0.05736231803894043,5,0.01,8,2,5,5,"{'final_estimator__gamma': 5, 'final_estimator__learning_rate': 0.01, 'final_estimator__max_depth': 8, 'gb__max_depth': 2, 'gb__max_features': 5, 'rf__max_features': 5}",0.8208233413669568,0.8194183568353024,0.8201208491011296,0.0007024922658271926,36,0.9564315211662433,0.9305643640636267,0.943497942614935,0.012933578551308278
89,1184.0864909887314,58.31548869609833,1.080498456954956,0.45549774169921875,5,0.01,5,2,8,5,"{'final_estimator__gamma': 5, 'final_estimator__learning_rate': 0.01, 'final_estimator__max_depth': 5, 'gb__max_depth': 2, 'gb__max_features': 8, 'rf__max_features': 5}",0.8218775538497669,0.8183252347688142,0.8201013943092905,0.0017761595404763297,37,0.9254713141192412,0.9163739168293014,0.9209226154742713,0.0045486986449699285
115,1088.378483057022,68.78513216972351,1.3087517023086548,0.0037511587142944336,5,0.1,3,5,2,5,"{'final_estimator__gamma': 5, 'final_estimator__learning_rate': 0.1, 'final_estimator__max_depth': 3, 'gb__max_depth': 5, 'gb__max_features': 2, 'rf__max_features': 5}",0.8194452801793937,0.8206150531964226,0.8200301666879082,0.0005848865085144594,38,0.935433173936143,0.9435551582330929,0.9394941660846179,0.00406099214847494
85,1165.346627831459,1.3281081914901733,1.1618596315383911,0.023429512977600098,5,0.01,5,2,2,5,"{'final_estimator__gamma': 5, 'final_estimator__learning_rate': 0.01, 'final_estimator__max_depth': 5, 'gb__max_depth': 2, 'gb__max_features': 2, 'rf__max_features': 5}",0.8192763710840179,0.8207826575965711,0.8200295143402945,0.0007531432562766227,39,0.9414980861326888,0.9407826335303929,0.9411403598315409,0.00035772630114794257
55,1410.6967360973358,115.29347538948059,0.8264778852462769,0.0006729364395141602,1,0.1,5,5,2,5,"{'final_estimator__gamma': 1, 'final_estimator__learning_rate': 0.1, 'final_estimator__max_depth': 5, 'gb__max_depth': 5, 'gb__max_features': 2, 'rf__max_features': 5}",0.8219467035229062,0.8180127443836263,0.8199797239532662,0.0019669795696399817,40,0.9405128444430203,0.9202367276348579,0.9303747860389391,0.010138058404081218
53,1256.2483752965927,108.11471092700958,1.3818837404251099,0.30651628971099854,1,0.1,5,2,8,5,"{'final_estimator__gamma': 1, 'final_estimator__learning_rate': 0.1, 'final_estimator__max_depth': 5, 'gb__max_depth': 2, 'gb__max_features': 8, 'rf__max_features': 5}",0.8216240336796898,0.8182616366671519,0.8199428351734208,0.001681198506268966,41,0.9168182450212871,0.9110965538205352,0.9139573994209111,0.0028608456003759164
43,1054.6167933940887,174.44599413871765,1.8187613487243652,0.7872450351715088,1,0.1,3,5,2,5,"{'final_estimator__gamma': 1, 'final_estimator__learning_rate': 0.1, 'final_estimator__max_depth': 3, 'gb__max_depth': 5, 'gb__max_features': 2, 'rf__max_features': 5}",0.8195569320586639,0.8202889425295751,0.8199229372941195,0.00036600523545560204,42,0.9467184620561614,0.9437565185258759,0.9452374902910187,0.0014809717651427245
15,1143.8958011865616,110.9911972284317,1.1672444343566895,0.11524581909179688,1,0.01,5,2,5,5,"{'final_estimator__gamma': 1, 'final_estimator__learning_rate': 0.01, 'final_estimator__max_depth': 5, 'gb__max_depth': 2, 'gb__max_features': 5, 'rf__max_features': 5}",0.8217246577486842,0.8180452085216046,0.8198849331351443,0.001839724613539817,43,0.939062254371845,0.9177923721758178,0.9284273132738314,0.010634941098013606
143,593.0758981704712,0.42969846725463867,0.984379768371582,0.015628814697265625,5,0.1,8,5,8,5,"{'final_estimator__gamma': 5, 'final_estimator__learning_rate': 0.1, 'final_estimator__max_depth': 8, 'gb__max_depth': 5, 'gb__max_features': 8, 'rf__max_features': 5}",0.8197510803314233,0.8199728405688874,0.8198619604501554,0.00011088011873205961,44,0.9312047566465578,0.9420648443917058,0.9366348005191318,0.0054300438725740086
91,976.8889627456665,0.44530487060546875,1.4609220027923584,0.02344489097595215,5,0.01,5,5,2,5,"{'final_estimator__gamma': 5, 'final_estimator__learning_rate': 0.01, 'final_estimator__max_depth': 5, 'gb__max_depth': 5, 'gb__max_features': 2, 'rf__max_features': 5}",0.8195885060941586,0.8201264857824624,0.8198574959383105,0.0002689898441519123,45,0.9616284651145037,0.9594749468068614,0.9605517059606825,0.0010767591538211607
92,1190.1185281276703,1.187495470046997,1.593756079673767,0.04687392711639404,5,0.01,5,5,5,2,"{'final_estimator__gamma': 5, 'final_estimator__learning_rate': 0.01, 'final_estimator__max_depth': 5, 'gb__max_depth': 5, 'gb__max_features': 5, 'rf__max_features': 2}",0.8216094697371514,0.8181025923501867,0.8198560310436691,0.0017534386934823787,46,0.9654261635283996,0.9404248557944982,0.9529255096614488,0.012500653866950706
121,997.0374567508698,11.950445652008057,0.6093751192092896,5.960464477539062e-07,5,0.1,5,2,2,5,"{'final_estimator__gamma': 5, 'final_estimator__learning_rate': 0.1, 'final_estimator__max_depth': 5, 'gb__max_depth': 2, 'gb__max_features': 2, 'rf__max_features': 5}",0.8199982187686586,0.8195503389725294,0.819774278870594,0.000223939898064629,47,0.9373204128798852,0.9207520274459267,0.9290362201629059,0.008284192716979277
103,1079.7410131692886,13.928111910820007,0.8046847581863403,0.023436427116394043,5,0.01,8,5,2,5,"{'final_estimator__gamma': 5, 'final_estimator__learning_rate': 0.01, 'final_estimator__max_depth': 8, 'gb__max_depth': 5, 'gb__max_features': 2, 'rf__max_features': 5}",0.8201975691303122,0.819198500838739,0.8196980349845255,0.0004995341457865732,48,0.9548645162932008,0.9595354553643282,0.9571999858287645,0.0023354695355636834
117,1135.1630345582962,13.240312218666077,1.906236171722412,0.18752241134643555,5,0.1,3,5,5,5,"{'final_estimator__gamma': 5, 'final_estimator__learning_rate': 0.1, 'final_estimator__max_depth': 3, 'gb__max_depth': 5, 'gb__max_features': 5, 'rf__max_features': 5}",0.8185401851335198,0.8204845029489901,0.819512344041255,0.0009721589077351656,49,0.9481136203788397,0.9455149345878823,0.946814277483361,0.0012993428954787278
111,977.1265256404877,2.605891704559326,1.0666357278823853,0.42600691318511963,5,0.1,3,2,5,5,"{'final_estimator__gamma': 5, 'final_estimator__learning_rate': 0.1, 'final_estimator__max_depth': 3, 'gb__max_depth': 2, 'gb__max_features': 5, 'rf__max_features': 5}",0.820011412603965,0.818984462220123,0.819497937412044,0.0005134751919210201,50,0.9203009401689969,0.9111285978537551,0.915714769011376,0.0045861711576208886
5,1250.040066242218,0.19250154495239258,1.2995092868804932,0.04651045799255371,1,0.01,3,2,8,5,"{'final_estimator__gamma': 1, 'final_estimator__learning_rate': 0.01, 'final_estimator__max_depth': 3, 'gb__max_depth': 2, 'gb__max_features': 8, 'rf__max_features': 5}",0.8209287988303113,0.8179969359063303,0.8194628673683209,0.0014659314619905328,51,0.9095780459521501,0.9162805566633543,0.9129293013077522,0.0033512553556021007
80,1260.8591611385345,61.022839307785034,2.3091577291488647,0.09041750431060791,5,0.01,3,5,5,2,"{'final_estimator__gamma': 5, 'final_estimator__learning_rate': 0.01, 'final_estimator__max_depth': 3, 'gb__max_depth': 5, 'gb__max_features': 5, 'rf__max_features': 2}",0.8212070673513826,0.8176348566417099,0.8194209619965462,0.0017861053548363648,52,0.9661859668737816,0.9424860440465376,0.9543360054601595,0.01184996141362199
77,1152.6908946037292,56.39507865905762,1.109387993812561,0.06250345706939697,5,0.01,3,2,8,5,"{'final_estimator__gamma': 5, 'final_estimator__learning_rate': 0.01, 'final_estimator__max_depth': 3, 'gb__max_depth': 2, 'gb__max_features': 8, 'rf__max_features': 5}",0.8207330541961032,0.8181034874145208,0.8194182708053119,0.0013147833907912188,53,0.9179816415587142,0.9200106298644738,0.918996135711594,0.0010144941528797968
139,1051.548230290413,41.794520020484924,1.1250038146972656,0.10938453674316406,5,0.1,8,5,2,5,"{'final_estimator__gamma': 5, 'final_estimator__learning_rate': 0.1, 'final_estimator__max_depth': 8, 'gb__max_depth': 5, 'gb__max_features': 2, 'rf__max_features': 5}",0.8192294163219473,0.8195831748520978,0.8194062955870225,0.00017687926507520269,54,0.9469928904739493,0.9431731405802638,0.9450830155271066,0.001909874946842749
42,1264.5990649461746,114.53810012340546,2.8880860805511475,0.02891373634338379,1,0.1,3,5,2,2,"{'final_estimator__gamma': 1, 'final_estimator__learning_rate': 0.1, 'final_estimator__max_depth': 3, 'gb__max_depth': 5, 'gb__max_features': 2, 'rf__max_features': 2}",0.8215039881309764,0.8172858960926925,0.8193949421118345,0.0021090460191419136,55,0.938034266769184,0.9343215607417076,0.9361779137554458,0.00185635301373821
101,1110.7328770160675,1.6740663051605225,0.6640641689300537,0.0703132152557373,5,0.01,8,2,8,5,"{'final_estimator__gamma': 5, 'final_estimator__learning_rate': 0.01, 'final_estimator__max_depth': 8, 'gb__max_depth': 2, 'gb__max_features': 8, 'rf__max_features': 5}",0.8212282568655039,0.817514738942523,0.8193714979040134,0.0018567589614904567,56,0.935073844784387,0.9137036576083006,0.9243887511963438,0.010685093588043204
133,1077.6983798742294,0.32032477855682373,1.5937494039535522,0.062487244606018066,5,0.1,8,2,2,5,"{'final_estimator__gamma': 5, 'final_estimator__learning_rate': 0.1, 'final_estimator__max_depth': 8, 'gb__max_depth': 2, 'gb__max_features': 2, 'rf__max_features': 5}",0.8203802095978459,0.818351114014955,0.8193656618064005,0.0010145477914454415,57,0.9412067484273692,0.9270711571188752,0.9341389527731222,0.007067795654246978
109,964.2052190303802,5.003754377365112,0.8804171085357666,0.11959266662597656,5,0.1,3,2,2,5,"{'final_estimator__gamma': 5, 'final_estimator__learning_rate': 0.1, 'final_estimator__max_depth': 3, 'gb__max_depth': 2, 'gb__max_features': 2, 'rf__max_features': 5}",0.8183467284550116,0.8199993732243076,0.8191730508396595,0.0008263223846480261,58,0.9277670223068474,0.9225235361821307,0.925145279244489,0.0026217430623583504
46,1075.5880320072174,0.5636670589447021,1.9399672746658325,0.09167277812957764,1,0.1,3,5,8,2,"{'final_estimator__gamma': 1, 'final_estimator__learning_rate': 0.1, 'final_estimator__max_depth': 3, 'gb__max_depth': 5, 'gb__max_features': 8, 'rf__max_features': 2}",0.8196197429281189,0.8187181547436831,0.8191689488359011,0.0004507940922178766,59,0.9372881395418412,0.932643455338736,0.9349657974402886,0.002322342101552577
40,1096.5743242502213,47.15294682979584,1.1160157918930054,0.2966538667678833,1,0.1,3,2,8,2,"{'final_estimator__gamma': 1, 'final_estimator__learning_rate': 0.1, 'final_estimator__max_depth': 3, 'gb__max_depth': 2, 'gb__max_features': 8, 'rf__max_features': 2}",0.8212806653091425,0.8169993028645712,0.8191399840868568,0.002140681222285612,60,0.9035778359854254,0.8965539776453556,0.9000659068153904,0.0035119291700349
125,953.2620069980621,0.9714314937591553,0.848003625869751,0.017997026443481445,5,0.1,5,2,8,5,"{'final_estimator__gamma': 5, 'final_estimator__learning_rate': 0.1, 'final_estimator__max_depth': 5, 'gb__max_depth': 2, 'gb__max_features': 8, 'rf__max_features': 5}",0.8215035381226218,0.8166975978270948,0.8191005679748583,0.0024029701477634724,61,0.9129188190269354,0.9046247830690693,0.9087718010480024,0.004147017978933021
48,1212.5987941026688,61.77465999126434,1.1990022659301758,0.49900221824645996,1,0.1,5,2,2,2,"{'final_estimator__gamma': 1, 'final_estimator__learning_rate': 0.1, 'final_estimator__max_depth': 5, 'gb__max_depth': 2, 'gb__max_features': 2, 'rf__max_features': 2}",0.8181005217867026,0.8200438296688994,0.819072175727801,0.0009716539410984382,62,0.9346172632278524,0.9045494605511468,0.9195833618894996,0.015033901338352806
44,1135.8921756744385,0.31770849227905273,1.271626591682434,0.02275240421295166,1,0.1,3,5,5,2,"{'final_estimator__gamma': 1, 'final_estimator__learning_rate': 0.1, 'final_estimator__max_depth': 3, 'gb__max_depth': 5, 'gb__max_features': 5, 'rf__max_features': 2}",0.8192444840686102,0.818837816894958,0.819041150481784,0.00020333358682605995,63,0.9504914271073199,0.9307636092713717,0.9406275181893458,0.009863908917974118
86,1223.8907940387726,3.720156192779541,0.7422032356262207,0.007830142974853516,5,0.01,5,2,5,2,"{'final_estimator__gamma': 5, 'final_estimator__learning_rate': 0.01, 'final_estimator__max_depth': 5, 'gb__max_depth': 2, 'gb__max_features': 5, 'rf__max_features': 2}",0.8213219022835143,0.8167243941970445,0.8190231482402794,0.0022987540432349296,64,0.9221473343308331,0.8998813861500654,0.9110143602404492,0.01113297409038383
137,1100.4238196611404,11.13579261302948,0.5624973773956299,2.384185791015625e-07,5,0.1,8,2,8,5,"{'final_estimator__gamma': 5, 'final_estimator__learning_rate': 0.1, 'final_estimator__max_depth': 8, 'gb__max_depth': 2, 'gb__max_features': 8, 'rf__max_features': 5}",0.820755625981645,0.8172686685658004,0.8190121472737226,0.0017434787079222969,65,0.9203643183209165,0.911134731436007,0.9157495248784617,0.004614793442454745
97,1193.1805636882782,1.252187967300415,0.6562504768371582,0.03125262260437012,5,0.01,8,2,2,5,"{'final_estimator__gamma': 5, 'final_estimator__learning_rate': 0.01, 'final_estimator__max_depth': 8, 'gb__max_depth': 2, 'gb__max_features': 2, 'rf__max_features': 5}",0.8196411736471202,0.818374358096478,0.8190077658717991,0.0006334077753211154,66,0.9406150756530134,0.9417760131009965,0.9411955443770049,0.000580468723991534
116,977.718023777008,38.68757486343384,1.710939645767212,0.4296889305114746,5,0.1,3,5,5,2,"{'final_estimator__gamma': 5, 'final_estimator__learning_rate': 0.1, 'final_estimator__max_depth': 3, 'gb__max_depth': 5, 'gb__max_features': 5, 'rf__max_features': 2}",0.8199777954465916,0.8180291126729429,0.8190034540597673,0.00097434138682434,67,0.9500077279444807,0.9293652142228739,0.9396864710836773,0.01032125686080343
114,1055.975541472435,96.28371560573578,1.3264285326004028,0.5295532941818237,5,0.1,3,5,2,2,"{'final_estimator__gamma': 5, 'final_estimator__learning_rate': 0.1, 'final_estimator__max_depth': 3, 'gb__max_depth': 5, 'gb__max_features': 2, 'rf__max_features': 2}",0.8196158209286014,0.8183560197080996,0.8189859203183505,0.0006299006102509219,68,0.9381440034979726,0.9292880660215628,0.9337160347597677,0.0044279687382048905
19,938.7722655534744,17.248290419578552,1.433922529220581,0.5680811405181885,1,0.01,5,5,2,5,"{'final_estimator__gamma': 1, 'final_estimator__learning_rate': 0.01, 'final_estimator__max_depth': 5, 'gb__max_depth': 5, 'gb__max_features': 2, 'rf__max_features': 5}",0.8185688227399268,0.8191673145196997,0.8188680686298133,0.00029924588988644585,69,0.9481806415951601,0.927344972602602,0.937762807098881,0.010417834496279088
13,1116.0877174139023,188.82224094867706,1.1897399425506592,0.026263713836669922,1,0.01,5,2,2,5,"{'final_estimator__gamma': 1, 'final_estimator__learning_rate': 0.01, 'final_estimator__max_depth': 5, 'gb__max_depth': 2, 'gb__max_features': 2, 'rf__max_features': 5}",0.8178130444380856,0.8198903762681254,0.8188517103531054,0.0010386659150199429,70,0.9277974460301912,0.9187011923299466,0.9232493191800689,0.0045481268501222916
128,987.317391037941,66.67595326900482,1.3407840728759766,0.559532880783081,5,0.1,5,5,5,2,"{'final_estimator__gamma': 5, 'final_estimator__learning_rate': 0.1, 'final_estimator__max_depth': 5, 'gb__max_depth': 5, 'gb__max_features': 5, 'rf__max_features': 2}",0.8201268261349567,0.8174470397333596,0.8187869329341582,0.0013398932007985254,71,0.9498615043185512,0.9285793122117252,0.9392204082651382,0.010641096053413013
106,1186.5069003105164,57.062607526779175,2.1249990463256836,0.5781185626983643,5,0.01,8,5,8,2,"{'final_estimator__gamma': 5, 'final_estimator__learning_rate': 0.01, 'final_estimator__max_depth': 8, 'gb__max_depth': 5, 'gb__max_features': 8, 'rf__max_features': 2}",0.8208960219192712,0.816663589850323,0.818779805884797,0.00211621603447415,72,0.9597430304332252,0.9487118249943691,0.9542274277137972,0.0055156027194280255
135,1070.2608406543732,4.976527214050293,2.011072039604187,0.26104724407196045,5,0.1,8,2,5,5,"{'final_estimator__gamma': 5, 'final_estimator__learning_rate': 0.1, 'final_estimator__max_depth': 8, 'gb__max_depth': 2, 'gb__max_features': 5, 'rf__max_features': 5}",0.8197142566302706,0.8178430047165661,0.8187786306734184,0.0009356259568522596,73,0.9351087839612575,0.9165110966722773,0.9258099403167674,0.009298843644490129
8,1073.4178304672241,192.20833325386047,1.7570030689239502,0.2810025215148926,1,0.01,3,5,5,2,"{'final_estimator__gamma': 1, 'final_estimator__learning_rate': 0.01, 'final_estimator__max_depth': 3, 'gb__max_depth': 5, 'gb__max_features': 5, 'rf__max_features': 2}",0.8207488599739318,0.8166540812700537,0.8187014706219927,0.002047389351939044,74,0.9609543979734947,0.938052759764326,0.9495035788689103,0.011450819104584342
33,1201.4589000940323,52.48946797847748,2.1539965867996216,1.235944151878357,1,0.01,8,5,5,5,"{'final_estimator__gamma': 1, 'final_estimator__learning_rate': 0.01, 'final_estimator__max_depth': 8, 'gb__max_depth': 5, 'gb__max_features': 5, 'rf__max_features': 5}",0.8194238629066583,0.8178554238558665,0.8186396433812624,0.0007842195253958684,75,0.9459236363593193,0.9183528885198508,0.9321382624395851,0.013785373919734278
71,1372.6025966405869,384.1809092760086,2.0520026683807373,0.6770095825195312,1,0.1,8,5,8,5,"{'final_estimator__gamma': 1, 'final_estimator__learning_rate': 0.1, 'final_estimator__max_depth': 8, 'gb__max_depth': 5, 'gb__max_features': 8, 'rf__max_features': 5}",0.8181660639603034,0.8190268893158273,0.8185964766380653,0.0004304126777619488,76,0.9286556161549335,0.9230364894944574,0.9258460528246955,0.002809563330238074
94,1181.1905522346497,78.4412727355957,1.7402273416519165,0.41212451457977295,5,0.01,5,5,8,2,"{'final_estimator__gamma': 5, 'final_estimator__learning_rate': 0.01, 'final_estimator__max_depth': 5, 'gb__max_depth': 5, 'gb__max_features': 8, 'rf__max_features': 2}",0.8204960442403954,0.8166122875455328,0.818554165892964,0.0019418783474312584,77,0.9574896501249863,0.9436444050830469,0.9505670276040166,0.006922622520969701
113,960.1293255090714,0.6093772649765015,0.5781272649765015,0.01562035083770752,5,0.1,3,2,8,5,"{'final_estimator__gamma': 5, 'final_estimator__learning_rate': 0.1, 'final_estimator__max_depth': 3, 'gb__max_depth': 2, 'gb__max_features': 8, 'rf__max_features': 5}",0.8190648563220306,0.8179993455028681,0.8185321009124493,0.0005327554095812537,78,0.9046275316537616,0.9066968687015399,0.9056622001776508,0.0010346685238891151
10,1260.1586703062057,1.6295019388198853,2.169503927230835,0.01050114631652832,1,0.01,3,5,8,2,"{'final_estimator__gamma': 1, 'final_estimator__learning_rate': 0.01, 'final_estimator__max_depth': 3, 'gb__max_depth': 5, 'gb__max_features': 8, 'rf__max_features': 2}",0.8202307597173224,0.8168189092487692,0.8185248344830458,0.0017059252342765951,79,0.9538919621327948,0.9396289813557199,0.9467604717442574,0.0071314903885374425
63,1360.9059331417084,203.80410742759705,1.4545199871063232,0.5795164108276367,1,0.1,8,2,5,5,"{'final_estimator__gamma': 1, 'final_estimator__learning_rate': 0.1, 'final_estimator__max_depth': 8, 'gb__max_depth': 2, 'gb__max_features': 5, 'rf__max_features': 5}",0.8189061775936503,0.8180601641463694,0.8184831708700098,0.0004230067236404289,80,0.9239822603253972,0.8991259442613275,0.9115541022933624,0.012428158032034842
98,1099.9029904603958,161.9379266500473,0.8828072547912598,0.2734346389770508,5,0.01,8,2,5,2,"{'final_estimator__gamma': 5, 'final_estimator__learning_rate': 0.01, 'final_estimator__max_depth': 8, 'gb__max_depth': 2, 'gb__max_features': 5, 'rf__max_features': 2}",0.8214497991675713,0.815491963411014,0.8184708812892927,0.002978917878278642,81,0.925001154564779,0.9006597498077049,0.912830452186242,0.012170702378537068
134,1085.5983961820602,18.710299849510193,1.8854044675827026,0.25524842739105225,5,0.1,8,2,5,2,"{'final_estimator__gamma': 5, 'final_estimator__learning_rate': 0.1, 'final_estimator__max_depth': 8, 'gb__max_depth': 2, 'gb__max_features': 5, 'rf__max_features': 2}",0.8199698859782402,0.8168476477330033,0.8184087668556217,0.0015611191226184151,82,0.9104054315322466,0.8958441488307648,0.9031247901815057,0.007280641350740913
58,907.4502066373825,2.4547678232192993,0.9748687744140625,0.05681610107421875,1,0.1,5,5,8,2,"{'final_estimator__gamma': 1, 'final_estimator__learning_rate': 0.1, 'final_estimator__max_depth': 5, 'gb__max_depth': 5, 'gb__max_features': 8, 'rf__max_features': 2}",0.8177246827225534,0.8190849401557377,0.8184048114391456,0.0006801287165921766,83,0.9325759999068379,0.9254585918040901,0.929017295855464,0.0035587040513739288
38,1146.5981699228287,1.0066992044448853,1.2992225885391235,0.1122366189956665,1,0.1,3,2,5,2,"{'final_estimator__gamma': 1, 'final_estimator__learning_rate': 0.1, 'final_estimator__max_depth': 3, 'gb__max_depth': 2, 'gb__max_features': 5, 'rf__max_features': 2}",0.8182823127408653,0.8185197798590536,0.8184010462999594,0.00011873355909414185,84,0.920224292829512,0.911626597807961,0.9159254453187364,0.0042988475107755275
74,1090.2831435203552,64.86974048614502,0.9453245401382446,0.1640685796737671,5,0.01,3,2,5,2,"{'final_estimator__gamma': 5, 'final_estimator__learning_rate': 0.01, 'final_estimator__max_depth': 3, 'gb__max_depth': 2, 'gb__max_features': 5, 'rf__max_features': 2}",0.8210004455413081,0.8157927438751883,0.8183965947082482,0.0026038508330599175,85,0.9204497791863675,0.9002124382626139,0.9103311087244907,0.01011867046187681
22,1227.053682923317,1.697837233543396,1.4366670846939087,0.1787959337234497,1,0.01,5,5,8,2,"{'final_estimator__gamma': 1, 'final_estimator__learning_rate': 0.01, 'final_estimator__max_depth': 5, 'gb__max_depth': 5, 'gb__max_features': 8, 'rf__max_features': 2}",0.8191977645364185,0.8174404654167564,0.8183191149765874,0.000878649559831024,86,0.9440198130796529,0.9310764118336096,0.9375481124566312,0.006471700623021659
84,1031.737367272377,6.179524540901184,0.7694324254989624,0.011816859245300293,5,0.01,5,2,2,2,"{'final_estimator__gamma': 5, 'final_estimator__learning_rate': 0.01, 'final_estimator__max_depth': 5, 'gb__max_depth': 2, 'gb__max_features': 2, 'rf__max_features': 2}",0.8187624947306601,0.8178446530304837,0.818303573880572,0.00045892085008819583,87,0.9521160457730767,0.9149833180741737,0.9335496819236252,0.01856636384945154
142,622.8488138914108,7.021954894065857,0.6406253576278687,0.26562345027923584,5,0.1,8,5,8,2,"{'final_estimator__gamma': 5, 'final_estimator__learning_rate': 0.1, 'final_estimator__max_depth': 8, 'gb__max_depth': 5, 'gb__max_features': 8, 'rf__max_features': 2}",0.8208254183300927,0.8157725705323364,0.8182989944312146,0.0025264238988781385,88,0.9390701531639793,0.9324803017055623,0.9357752274347708,0.003294925729208531
2,1002.3976747989655,166.83126950263977,1.2215029001235962,0.18350064754486084,1,0.01,3,2,5,2,"{'final_estimator__gamma': 1, 'final_estimator__learning_rate': 0.01, 'final_estimator__max_depth': 3, 'gb__max_depth': 2, 'gb__max_features': 5, 'rf__max_features': 2}",0.8205507101632171,0.8159701199812586,0.8182604150722379,0.0022902950909792774,89,0.9227119694283854,0.9007935072921978,0.9117527383602916,0.010959231068093822
35,1371.9800761938095,232.17399036884308,1.0000782012939453,0.16337180137634277,1,0.01,8,5,8,5,"{'final_estimator__gamma': 1, 'final_estimator__learning_rate': 0.01, 'final_estimator__max_depth': 8, 'gb__max_depth': 5, 'gb__max_features': 8, 'rf__max_features': 5}",0.8180577911540866,0.8184630097354342,0.8182604004447604,0.00020260929067378308,90,0.9337553224735139,0.9190440950856812,0.9263997087795975,0.007355613693916352
29,1334.6410027742386,275.133890748024,0.9984793663024902,0.3744800090789795,1,0.01,8,2,8,5,"{'final_estimator__gamma': 1, 'final_estimator__learning_rate': 0.01, 'final_estimator__max_depth': 8, 'gb__max_depth': 2, 'gb__max_features': 8, 'rf__max_features': 5}",0.818856435148295,0.8176519941020457,0.8182542146251703,0.0006022205231246414,91,0.9094302424852273,0.9071928187413327,0.9083115306132801,0.0011187118719472866
122,978.2591762542725,4.383941411972046,0.781240701675415,0.18749070167541504,5,0.1,5,2,5,2,"{'final_estimator__gamma': 5, 'final_estimator__learning_rate': 0.1, 'final_estimator__max_depth': 5, 'gb__max_depth': 2, 'gb__max_features': 5, 'rf__max_features': 2}",0.819525793952306,0.8168430831040236,0.8181844385281648,0.0013413554241411552,92,0.9046238019291404,0.8946197128714561,0.8996217574002983,0.00500204452884212
130,1161.9216984510422,25.46206295490265,1.4218735694885254,0.09375143051147461,5,0.1,5,5,8,2,"{'final_estimator__gamma': 5, 'final_estimator__learning_rate': 0.1, 'final_estimator__max_depth': 5, 'gb__max_depth': 5, 'gb__max_features': 8, 'rf__max_features': 2}",0.8191394085720957,0.8170625989726916,0.8181010037723937,0.0010384047997020196,93,0.9337764975176628,0.9268718054760203,0.9303241514968416,0.0034523460208212287
82,1080.5805381536484,0.10936439037322998,1.6445544958114624,0.007798552513122559,5,0.01,3,5,8,2,"{'final_estimator__gamma': 5, 'final_estimator__learning_rate': 0.01, 'final_estimator__max_depth': 3, 'gb__max_depth': 5, 'gb__max_features': 8, 'rf__max_features': 2}",0.8200519795032389,0.8159752425468632,0.8180136110250511,0.002038368478187891,94,0.9597469981751806,0.9428629391972978,0.9513049686862391,0.008442029488941405
110,969.1403660774231,80.39995408058167,2.1562579870224,0.34374868869781494,5,0.1,3,2,5,2,"{'final_estimator__gamma': 5, 'final_estimator__learning_rate': 0.1, 'final_estimator__max_depth': 3, 'gb__max_depth': 2, 'gb__max_features': 5, 'rf__max_features': 2}",0.8187331447570718,0.8172546265417621,0.8179938856494169,0.0007392591076548771,95,0.9055424016518117,0.8890868555629328,0.8973146286073722,0.008227773044439446
20,1348.2280540466309,76.13647389411926,1.295670986175537,0.3506648540496826,1,0.01,5,5,5,2,"{'final_estimator__gamma': 1, 'final_estimator__learning_rate': 0.01, 'final_estimator__max_depth': 5, 'gb__max_depth': 5, 'gb__max_features': 5, 'rf__max_features': 2}",0.8193329398754737,0.8166233372435496,0.8179781385595117,0.0013548013159620509,96,0.9509765326491388,0.9158881192716778,0.9334323259604083,0.017544206688730524
36,1059.2963345050812,117.71173214912415,1.317729115486145,0.1265925168991089,1,0.1,3,2,2,2,"{'final_estimator__gamma': 1, 'final_estimator__learning_rate': 0.1, 'final_estimator__max_depth': 3, 'gb__max_depth': 2, 'gb__max_features': 2, 'rf__max_features': 2}",0.8185344463180477,0.8173832052930602,0.8179588258055539,0.0005756205124937686,97,0.9405475470276957,0.911863032766093,0.9262052898968944,0.014342257130801339
102,1090.4809569120407,4.906915307044983,0.8515610694885254,0.0546870231628418,5,0.01,8,5,2,2,"{'final_estimator__gamma': 5, 'final_estimator__learning_rate': 0.01, 'final_estimator__max_depth': 8, 'gb__max_depth': 5, 'gb__max_features': 2, 'rf__max_features': 2}",0.8186234838606885,0.8172903680125152,0.8179569259366019,0.0006665579240866526,98,0.9493970484807216,0.9406542134204791,0.9450256309506003,0.004371417530121269
118,1006.7805670499802,23.380946278572083,1.2872138023376465,0.14658117294311523,5,0.1,3,5,8,2,"{'final_estimator__gamma': 5, 'final_estimator__learning_rate': 0.1, 'final_estimator__max_depth': 3, 'gb__max_depth': 5, 'gb__max_features': 8, 'rf__max_features': 2}",0.8180581592749696,0.8178288156980613,0.8179434874865155,0.00011467178845414594,99,0.9334692807782329,0.9246127962173868,0.9290410384978098,0.004428242280423045
112,1112.1780424118042,11.03876280784607,1.170835256576538,0.2489786148071289,5,0.1,3,2,8,2,"{'final_estimator__gamma': 5, 'final_estimator__learning_rate': 0.1, 'final_estimator__max_depth': 3, 'gb__max_depth': 2, 'gb__max_features': 8, 'rf__max_features': 2}",0.8195378116113926,0.8163085677100158,0.8179231896607042,0.0016146219506883996,100,0.8958797316994348,0.88803124756294,0.8919554896311874,0.003924242068247374
14,1259.8178371191025,2.8599339723587036,1.2145544290542603,0.38380753993988037,1,0.01,5,2,5,2,"{'final_estimator__gamma': 1, 'final_estimator__learning_rate': 0.01, 'final_estimator__max_depth': 5, 'gb__max_depth': 2, 'gb__max_features': 5, 'rf__max_features': 2}",0.8205009233425214,0.8153138386471045,0.817907380994813,0.0025935423477084774,101,0.9287941089188964,0.8899642397527969,0.9093791743358466,0.019414934583049714
32,1184.0111402273178,7.973911643028259,1.6801936626434326,0.6382801532745361,1,0.01,8,5,5,2,"{'final_estimator__gamma': 1, 'final_estimator__learning_rate': 0.01, 'final_estimator__max_depth': 8, 'gb__max_depth': 5, 'gb__max_features': 5, 'rf__max_features': 2}",0.8202204659083328,0.8155939991959016,0.8179072325521172,0.0023132333562155827,102,0.9425502904215891,0.9086382595104351,0.9255942749660121,0.01695601545557701
96,1206.9946689605713,3.4613394737243652,0.7265615463256836,0.05468583106994629,5,0.01,8,2,2,2,"{'final_estimator__gamma': 5, 'final_estimator__learning_rate': 0.01, 'final_estimator__max_depth': 8, 'gb__max_depth': 2, 'gb__max_features': 2, 'rf__max_features': 2}",0.8183322824586091,0.8174565478206207,0.8178944151396149,0.0004378673189942006,103,0.9520744973503187,0.9134537999842757,0.9327641486672972,0.019310348683021505
27,1057.768319606781,1.0807762145996094,0.6834466457366943,0.06955456733703613,1,0.01,8,2,5,5,"{'final_estimator__gamma': 1, 'final_estimator__learning_rate': 0.01, 'final_estimator__max_depth': 8, 'gb__max_depth': 2, 'gb__max_features': 5, 'rf__max_features': 5}",0.8187667231976049,0.8168908974780431,0.817828810337824,0.0009379128597808983,104,0.9357706553284311,0.9161874635137851,0.9259790594211081,0.00979159590732298
50,1230.6213388442993,0.852149486541748,1.074224829673767,0.060854315757751465,1,0.1,5,2,5,2,"{'final_estimator__gamma': 1, 'final_estimator__learning_rate': 0.1, 'final_estimator__max_depth': 5, 'gb__max_depth': 2, 'gb__max_features': 5, 'rf__max_features': 2}",0.8189860948050649,0.8166690421783208,0.8178275684916929,0.0011585263133720436,105,0.920974767220387,0.9017535675065094,0.9113641673634482,0.009610599856938795
31,1327.9403479099274,101.20555329322815,1.1199982166290283,0.2819976806640625,1,0.01,8,5,2,5,"{'final_estimator__gamma': 1, 'final_estimator__learning_rate': 0.01, 'final_estimator__max_depth': 8, 'gb__max_depth': 5, 'gb__max_features': 2, 'rf__max_features': 5}",0.8183609806506936,0.8172866217874415,0.8178238012190675,0.000537179431626067,106,0.9457082558014077,0.9167206996356414,0.9312144777185245,0.014493778082883157
108,974.065064907074,5.481086730957031,0.9218701124191284,0.0468822717666626,5,0.1,3,2,2,2,"{'final_estimator__gamma': 5, 'final_estimator__learning_rate': 0.1, 'final_estimator__max_depth': 3, 'gb__max_depth': 2, 'gb__max_features': 2, 'rf__max_features': 2}",0.8180026023915616,0.8175266499401205,0.8177646261658411,0.00023797622572058197,107,0.9298018528981524,0.9029782343684548,0.9163900436333037,0.013411809264848806
78,1292.0977194309235,69.44839596748352,2.219561219215393,0.34455788135528564,5,0.01,3,5,2,2,"{'final_estimator__gamma': 5, 'final_estimator__learning_rate': 0.01, 'final_estimator__max_depth': 3, 'gb__max_depth': 5, 'gb__max_features': 2, 'rf__max_features': 2}",0.8194915833384426,0.8159828099091385,0.8177371966237905,0.0017543867146520564,108,0.9600931635254446,0.9427468142956308,0.9514199889105377,0.008673174614906909
56,1496.8694739341736,41.00395321846008,1.6139849424362183,0.6637903451919556,1,0.1,5,5,5,2,"{'final_estimator__gamma': 1, 'final_estimator__learning_rate': 0.1, 'final_estimator__max_depth': 5, 'gb__max_depth': 5, 'gb__max_features': 5, 'rf__max_features': 2}",0.8187232723025607,0.8165725655982415,0.8176479189504011,0.0010753533521595804,109,0.93851753397961,0.9154958109461706,0.9270066724628903,0.011510861516719706
76,927.5848066806793,5.3491504192352295,0.7890611886978149,0.07031166553497314,5,0.01,3,2,8,2,"{'final_estimator__gamma': 5, 'final_estimator__learning_rate': 0.01, 'final_estimator__max_depth': 3, 'gb__max_depth': 2, 'gb__max_features': 8, 'rf__max_features': 2}",0.8204644699297104,0.8145864858130388,0.8175254778713746,0.00293899205833581,110,0.9130634057256557,0.8968223910389249,0.9049428983822903,0.00812050734336539
126,1077.1616547107697,3.8622727394104004,0.7343766689300537,0.04687237739562988,5,0.1,5,5,2,2,"{'final_estimator__gamma': 5, 'final_estimator__learning_rate': 0.1, 'final_estimator__max_depth': 5, 'gb__max_depth': 5, 'gb__max_features': 2, 'rf__max_features': 2}",0.8189036151261438,0.8160895541765875,0.8174965846513657,0.0014070304747781925,111,0.9334460023728928,0.9288670882862937,0.9311565453295932,0.0022894570432995254
90,1111.9576972723007,0.007678627967834473,0.7992295026779175,0.0076819658279418945,5,0.01,5,5,2,2,"{'final_estimator__gamma': 5, 'final_estimator__learning_rate': 0.01, 'final_estimator__max_depth': 5, 'gb__max_depth': 5, 'gb__max_features': 2, 'rf__max_features': 2}",0.8184141543498648,0.8165764285670003,0.8174952914584326,0.0009188628914322261,112,0.945397537737224,0.9425963498004599,0.943996943768842,0.0014005939683820468
6,1014.1560537815094,3.022998809814453,1.5445022583007812,0.5295014381408691,1,0.01,3,5,2,2,"{'final_estimator__gamma': 1, 'final_estimator__learning_rate': 0.01, 'final_estimator__max_depth': 3, 'gb__max_depth': 5, 'gb__max_features': 2, 'rf__max_features': 2}",0.8185366162923814,0.8164405027844756,0.8174885595384285,0.0010480567539529195,113,0.9474627356913436,0.9405472582574428,0.9440049969743932,0.0034577387169504314
4,1246.079565525055,1.0200014114379883,1.024499773979187,0.10950052738189697,1,0.01,3,2,8,2,"{'final_estimator__gamma': 1, 'final_estimator__learning_rate': 0.01, 'final_estimator__max_depth': 3, 'gb__max_depth': 2, 'gb__max_features': 8, 'rf__max_features': 2}",0.8197663616176017,0.8151733363649372,0.8174698489912695,0.002296512626332292,114,0.9085411705543498,0.896978376312827,0.9027597734335884,0.005781397120761422
132,1072.2380023002625,14.758841514587402,0.6093758344650269,0.031249165534973145,5,0.1,8,2,2,2,"{'final_estimator__gamma': 5, 'final_estimator__learning_rate': 0.1, 'final_estimator__max_depth': 8, 'gb__max_depth': 2, 'gb__max_features': 2, 'rf__max_features': 2}",0.8187184088409128,0.8161799649658401,0.8174491869033764,0.001269221937536369,115,0.9330237380426036,0.9021108910132459,0.9175673145279248,0.015456423514678852
34,1141.3675297498703,2.17306125164032,0.9126927852630615,0.09668326377868652,1,0.01,8,5,8,2,"{'final_estimator__gamma': 1, 'final_estimator__learning_rate': 0.01, 'final_estimator__max_depth': 8, 'gb__max_depth': 5, 'gb__max_features': 8, 'rf__max_features': 2}",0.8166739674559601,0.8182215403358222,0.8174477538958911,0.0007737864399310346,116,0.9385932205627884,0.9236126257741398,0.9311029231684641,0.0074902973943242745
65,1395.0320692062378,48.82161355018616,0.8203201293945312,0.07031798362731934,1,0.1,8,2,8,5,"{'final_estimator__gamma': 1, 'final_estimator__learning_rate': 0.1, 'final_estimator__max_depth': 8, 'gb__max_depth': 2, 'gb__max_features': 8, 'rf__max_features': 5}",0.8176637904544163,0.8170926811720979,0.8173782358132571,0.0002855546411592025,117,0.9074302537592672,0.9006097325850878,0.9040199931721775,0.0034102605870897085
72,1254.2367980480194,48.8045220375061,0.9218723773956299,0.10937285423278809,5,0.01,3,2,2,2,"{'final_estimator__gamma': 5, 'final_estimator__learning_rate': 0.01, 'final_estimator__max_depth': 3, 'gb__max_depth': 2, 'gb__max_features': 2, 'rf__max_features': 2}",0.8182148315160188,0.8164072578116874,0.8173110446638532,0.0009037868521656889,118,0.9582895068511579,0.9172723267649333,0.9377809168080455,0.020508590043112285
120,1114.0885053873062,82.25928270816803,0.6249996423721313,0.015624642372131348,5,0.1,5,2,2,2,"{'final_estimator__gamma': 5, 'final_estimator__learning_rate': 0.1, 'final_estimator__max_depth': 5, 'gb__max_depth': 2, 'gb__max_features': 2, 'rf__max_features': 2}",0.8180242592861264,0.8164837964578594,0.8172540278719929,0.0007702314141335154,119,0.933206048143413,0.9038055193255096,0.9185057837344612,0.014700264408951724
0,1210.8230245113373,40.489076375961304,1.014999508857727,0.12699902057647705,1,0.01,3,2,2,2,"{'final_estimator__gamma': 1, 'final_estimator__learning_rate': 0.01, 'final_estimator__max_depth': 3, 'gb__max_depth': 2, 'gb__max_features': 2, 'rf__max_features': 2}",0.8186409629514627,0.8158122664932528,0.8172266147223577,0.001414348229104967,120,0.9501566368093041,0.9112561831390193,0.9307064099741618,0.01945022683514236
69,1072.2258154153824,4.680306792259216,1.1718705892562866,0.3749936819076538,1,0.1,8,5,5,5,"{'final_estimator__gamma': 1, 'final_estimator__learning_rate': 0.1, 'final_estimator__max_depth': 8, 'gb__max_depth': 5, 'gb__max_features': 5, 'rf__max_features': 5}",0.8172054416467301,0.8168393296548072,0.8170223856507687,0.0001830559959614675,121,0.9417607756993593,0.914662720097002,0.9282117478981806,0.01354902780117867
18,1188.811406493187,232.78820598125458,1.337795615196228,0.45175254344940186,1,0.01,5,5,2,2,"{'final_estimator__gamma': 1, 'final_estimator__learning_rate': 0.01, 'final_estimator__max_depth': 5, 'gb__max_depth': 5, 'gb__max_features': 2, 'rf__max_features': 2}",0.816404871185088,0.8176056659308085,0.8170052685579483,0.000600397372860273,122,0.9339713362194995,0.9227892130185782,0.9283802746190388,0.005591061600460634
54,1143.5802730321884,156.57138001918793,1.5060709714889526,0.6365953683853149,1,0.1,5,5,2,2,"{'final_estimator__gamma': 1, 'final_estimator__learning_rate': 0.1, 'final_estimator__max_depth': 5, 'gb__max_depth': 5, 'gb__max_features': 2, 'rf__max_features': 2}",0.8169735589852244,0.8170346010390526,0.8170040800121385,3.0521026914087646e-05,123,0.9249593531156606,0.9177129075968797,0.9213361303562702,0.003623222759390421
61,1160.4039092063904,8.968014001846313,1.3142362833023071,0.5575374364852905,1,0.1,8,2,2,5,"{'final_estimator__gamma': 1, 'final_estimator__learning_rate': 0.1, 'final_estimator__max_depth': 8, 'gb__max_depth': 2, 'gb__max_features': 2, 'rf__max_features': 5}",0.8163977674700363,0.8175937546370193,0.8169957610535279,0.0005979935834914962,124,0.9263469398524228,0.907105626498174,0.9167262831752984,0.009620656677124417
100,1159.305174946785,75.05771911144257,0.7109389305114746,0.0234377384185791,5,0.01,8,2,8,2,"{'final_estimator__gamma': 5, 'final_estimator__learning_rate': 0.01, 'final_estimator__max_depth': 8, 'gb__max_depth': 2, 'gb__max_features': 8, 'rf__max_features': 2}",0.819152395917847,0.8146854624857078,0.8169189292017774,0.0022334667160696098,125,0.9151954948159517,0.9056930357899632,0.9104442653029574,0.004751229512994282
68,1227.7288343906403,6.058404445648193,2.359386920928955,0.7499909400939941,1,0.1,8,5,5,2,"{'final_estimator__gamma': 1, 'final_estimator__learning_rate': 0.1, 'final_estimator__max_depth': 8, 'gb__max_depth': 5, 'gb__max_features': 5, 'rf__max_features': 2}",0.8192867190716633,0.8144164167215215,0.8168515678965924,0.002435151175070871,126,0.9366243619547262,0.9111574823001417,0.923890922127434,0.012733439827292248
88,1320.2463349103928,5.814463973045349,1.9545804262161255,0.26588165760040283,5,0.01,5,2,8,2,"{'final_estimator__gamma': 5, 'final_estimator__learning_rate': 0.01, 'final_estimator__max_depth': 5, 'gb__max_depth': 2, 'gb__max_features': 8, 'rf__max_features': 2}",0.8190986323653032,0.814594683664761,0.8168466580150321,0.0022519743502711353,127,0.9137795146611444,0.9002881533187168,0.9070338339899306,0.006745680671213783
24,1535.823164820671,6.054861426353455,1.3426076173782349,0.04372990131378174,1,0.01,8,2,2,2,"{'final_estimator__gamma': 1, 'final_estimator__learning_rate': 0.01, 'final_estimator__max_depth': 8, 'gb__max_depth': 2, 'gb__max_features': 2, 'rf__max_features': 2}",0.8169260175786496,0.816516808137497,0.8167214128580733,0.00020460472057626244,128,0.9266011641453102,0.8945285423436445,0.9105648532444774,0.01603631090083285
60,1142.668007850647,5.726095676422119,0.7998732328414917,0.11126410961151123,1,0.1,8,2,2,2,"{'final_estimator__gamma': 1, 'final_estimator__learning_rate': 0.1, 'final_estimator__max_depth': 8, 'gb__max_depth': 2, 'gb__max_features': 2, 'rf__max_features': 2}",0.8170573259917288,0.8163363419626297,0.8166968339771792,0.0003604920145495183,129,0.9218536728664171,0.8935016849751531,0.9076776789207851,0.01417599394563196
67,1076.3231793642044,8.628514885902405,1.3437373638153076,0.10936570167541504,1,0.1,8,5,2,5,"{'final_estimator__gamma': 1, 'final_estimator__learning_rate': 0.1, 'final_estimator__max_depth': 8, 'gb__max_depth': 5, 'gb__max_features': 2, 'rf__max_features': 5}",0.8182322271753832,0.8149781644572315,0.8166051958163074,0.0016270313590758811,130,0.9356561758408476,0.9096291675697844,0.922642671705316,0.013013504135531595
64,1438.7559982538223,43.13936460018158,1.4999957084655762,0.10937643051147461,1,0.1,8,2,8,2,"{'final_estimator__gamma': 1, 'final_estimator__learning_rate': 0.1, 'final_estimator__max_depth': 8, 'gb__max_depth': 2, 'gb__max_features': 8, 'rf__max_features': 2}",0.8187884646233687,0.8141014645521328,0.8164449645877507,0.0023435000356179514,131,0.8994322011728698,0.9090904806434327,0.9042613409081512,0.004829139735281429
52,1242.624549150467,4.597150087356567,2.374842047691345,0.98784339427948,1,0.1,5,2,8,2,"{'final_estimator__gamma': 1, 'final_estimator__learning_rate': 0.1, 'final_estimator__max_depth': 5, 'gb__max_depth': 2, 'gb__max_features': 8, 'rf__max_features': 2}",0.819676744542008,0.8130034715288426,0.8163401080354253,0.003336636506582724,132,0.9051824307374684,0.8956435274337259,0.9004129790855971,0.004769451651871259
25,1195.996071100235,30.256853342056274,1.3491863012313843,0.2599979639053345,1,0.01,8,2,2,5,"{'final_estimator__gamma': 1, 'final_estimator__learning_rate': 0.01, 'final_estimator__max_depth': 8, 'gb__max_depth': 2, 'gb__max_features': 2, 'rf__max_features': 5}",0.8153316469959546,0.8172396838482229,0.8162856654220887,0.0009540184261341289,133,0.9170964878085722,0.9080765194474806,0.9125865036280264,0.004509984180545823
12,934.9889787435532,0.7795010805130005,1.2120029926300049,0.010996103286743164,1,0.01,5,2,2,2,"{'final_estimator__gamma': 1, 'final_estimator__learning_rate': 0.01, 'final_estimator__max_depth': 5, 'gb__max_depth': 2, 'gb__max_features': 2, 'rf__max_features': 2}",0.8167216017821499,0.8156150085684001,0.816168305175275,0.0005532966068749201,134,0.9326036900402856,0.9042216929580574,0.9184126914991715,0.014190998541114108
62,1167.0084003210068,1.2784990072250366,1.9916709661483765,0.13228046894073486,1,0.1,8,2,5,2,"{'final_estimator__gamma': 1, 'final_estimator__learning_rate': 0.1, 'final_estimator__max_depth': 8, 'gb__max_depth': 2, 'gb__max_features': 5, 'rf__max_features': 2}",0.8170401816811219,0.8152905436596484,0.8161653626703851,0.0008748190107367715,135,0.9144388863998678,0.8983138272693724,0.9063763568346201,0.008062529565247722
136,1117.355013847351,0.8578910827636719,1.3828186988830566,0.02343130111694336,5,0.1,8,2,8,2,"{'final_estimator__gamma': 5, 'final_estimator__learning_rate': 0.1, 'final_estimator__max_depth': 8, 'gb__max_depth': 2, 'gb__max_features': 8, 'rf__max_features': 2}",0.8190827715869639,0.8131858298011293,0.8161343006940466,0.0029484708929172765,136,0.903232654299402,0.898366738174852,0.900799696237127,0.0024329580622750036
26,1076.1445662975311,1.8557243347167969,0.7290008068084717,0.007000446319580078,1,0.01,8,2,5,2,"{'final_estimator__gamma': 1, 'final_estimator__learning_rate': 0.01, 'final_estimator__max_depth': 8, 'gb__max_depth': 2, 'gb__max_features': 5, 'rf__max_features': 2}",0.8168576917779026,0.8150155166737881,0.8159366042258454,0.0009210875520572204,137,0.9298865768758932,0.8756229609282976,0.9027547689020954,0.027131807973797772
124,1162.4257868528366,42.05970633029938,1.1924999952316284,0.33311450481414795,5,0.1,5,2,8,2,"{'final_estimator__gamma': 5, 'final_estimator__learning_rate': 0.1, 'final_estimator__max_depth': 5, 'gb__max_depth': 2, 'gb__max_features': 8, 'rf__max_features': 2}",0.8172167195441212,0.8145706456165218,0.8158936825803216,0.0013230369637997064,138,0.8940675761220078,0.8887971351204618,0.8914323556212348,0.002635220500773028
30,1370.9761612415314,6.2441086769104,0.9136053323745728,0.02521669864654541,1,0.01,8,5,2,2,"{'final_estimator__gamma': 1, 'final_estimator__learning_rate': 0.01, 'final_estimator__max_depth': 8, 'gb__max_depth': 5, 'gb__max_features': 2, 'rf__max_features': 2}",0.8145673756154067,0.8167545427971535,0.8156609592062801,0.0010935835908734148,139,0.9293978530966089,0.9203272931574027,0.9248625731270058,0.004535279969603123
70,1048.5693359375,24.684508085250854,1.5207412242889404,0.6613678932189941,1,0.1,8,5,8,2,"{'final_estimator__gamma': 1, 'final_estimator__learning_rate': 0.1, 'final_estimator__max_depth': 8, 'gb__max_depth': 5, 'gb__max_features': 8, 'rf__max_features': 2}",0.8162345969697029,0.8149297152603219,0.8155821561150124,0.0006524408546905169,140,0.921622708209792,0.9172293517302957,0.9194260299700439,0.0021966782397481177
16,1254.3661571741104,0.4347637891769409,1.449384093284607,0.02546370029449463,1,0.01,5,2,8,2,"{'final_estimator__gamma': 1, 'final_estimator__learning_rate': 0.01, 'final_estimator__max_depth': 5, 'gb__max_depth': 2, 'gb__max_features': 8, 'rf__max_features': 2}",0.8176823096950903,0.8132478579593573,0.8154650838272237,0.0022172258678664902,141,0.9109220820353,0.9000301215461021,0.905476101790701,0.005445980244598969
138,1064.143981218338,25.114546537399292,1.1580413579940796,0.12320911884307861,5,0.1,8,5,2,2,"{'final_estimator__gamma': 5, 'final_estimator__learning_rate': 0.1, 'final_estimator__max_depth': 8, 'gb__max_depth': 5, 'gb__max_features': 2, 'rf__max_features': 2}",0.8168645843343026,0.8132840273641169,0.8150743058492098,0.0017902784850928888,142,0.9379859037619448,0.926241969232945,0.9321139364974449,0.0058719672644999
66,1168.321273803711,92.99327111244202,1.4140632152557373,0.16406583786010742,1,0.1,8,5,2,2,"{'final_estimator__gamma': 1, 'final_estimator__learning_rate': 0.1, 'final_estimator__max_depth': 8, 'gb__max_depth': 5, 'gb__max_features': 2, 'rf__max_features': 2}",0.816841581565771,0.8131800870963414,0.8150108343310563,0.0018307472347148246,143,0.9267922455109218,0.9151777517459765,0.9209849986284491,0.005807246882472639
28,1060.4266690015793,0.48704540729522705,1.4552067518234253,0.030231833457946777,1,0.01,8,2,8,2,"{'final_estimator__gamma': 1, 'final_estimator__learning_rate': 0.01, 'final_estimator__max_depth': 8, 'gb__max_depth': 2, 'gb__max_features': 8, 'rf__max_features': 2}",0.8144002115707109,0.8149391794834002,0.8146696955270556,0.0002694839563446849,144,0.9163004587660345,0.8988197777549456,0.90756011826049,0.008740340505544453
